{
    "Objects": [
        {
            "name": "Land_Village_Pub",
            "pos": [
                6517.4599609375,
                209.4709930419922,
                9050.3701171875
            ],
            "ypr": [
                68.9330062866211,
                0.0,
                -0.49999991059303286
            ]
        },
        {
            "name": "Land_Misc_Toilet_Dry",
            "pos": [
                6521.24755859375,
                206.14324951171876,
                9077.8310546875
            ],
            "ypr": [
                -14.221914291381836,
                -0.0,
                -0.0
            ]
        },
        {
            "name": "Land_Lunapark_Carousel_Small",
            "pos": [
                6510.7236328125,
                206.8826904296875,
                9065.986328125
            ],
            "ypr": [
                0.0,
                -0.0,
                -0.0
            ]
        },
        {
            "name": "Land_Misc_Greenhouse",
            "pos": [
                6525.58984375,
                206.1999969482422,
                9071.3095703125
            ],
            "ypr": [
                -25.0,
                0.49999991059303286,
                0.0
            ]
        }
    ]
}